,0,1,2,3,4,5,6
0,NCT04160975,reported_events_info,6.5 months (3 months during the 2019 to 2020 flu season and 3.5 months during the 2020-2021 flu season),NA,,,
1,NCT04160975,group_info,E1,Black Participant-Concordant Sender-Expert Sender-Standard Signal,Black participants who are assigned to a concordant-exper sender delivering a standard signal.,,
2,NCT04160975,group_info,E2,Black Participant-Concordant Sender-Lay Sender-Standard Signal,Black participants who are assigned to a concordant-lay sender delivering a standard signal.,,
3,NCT04160975,group_info,E3,Black Participant-Discordant Sender-Expert Sender-Standard Signal,Black participants who are assigned to a discordant-exper sender delivering a standard signal.,,
4,NCT04160975,group_info,E4,Black Participant-Discordant Sender-Expert Sender-Acknowledgement Signal,Black participants who are assigned to a discordant-exper sender delivering a acknowledgement signal.,,
5,NCT04160975,group_info,E5,White Participant-Concordant Sender-Expert Sender-Standard Signal,White participants who are assigned to a concordant-exper sender delivering a standard signal.,,
6,NCT04160975,group_info,E6,White Participant-Discordant Sender-Expert Sender-Standard Signal,White participants who are assigned to a discordant-exper sender delivering a standard signal.,,
7,NCT04160975,serious_events_info,NA,NA,NA,,
8,NCT04160975,serious_event_count,Total,"Total, all-cause mortality",E1,479,0
9,NCT04160975,serious_event_count,Total,"Total, all-cause mortality",E2,496,0
10,NCT04160975,serious_event_count,Total,"Total, all-cause mortality",E3,478,0
11,NCT04160975,serious_event_count,Total,"Total, all-cause mortality",E4,485,0
12,NCT04160975,serious_event_count,Total,"Total, all-cause mortality",E5,649,0
13,NCT04160975,serious_event_count,Total,"Total, all-cause mortality",E6,658,0
14,NCT04160975,serious_event_count,Total,"Total, serious adverse events",E1,479,0
15,NCT04160975,serious_event_count,Total,"Total, serious adverse events",E2,496,0
16,NCT04160975,serious_event_count,Total,"Total, serious adverse events",E3,478,0
17,NCT04160975,serious_event_count,Total,"Total, serious adverse events",E4,485,0
18,NCT04160975,serious_event_count,Total,"Total, serious adverse events",E5,649,0
19,NCT04160975,serious_event_count,Total,"Total, serious adverse events",E6,658,0
20,NCT04160975,other_events_info,0,NA,NA,,
21,NCT04160975,other_event_count,Total,"Total, other adverse events",E1,479,0
22,NCT04160975,other_event_count,Total,"Total, other adverse events",E2,496,0
23,NCT04160975,other_event_count,Total,"Total, other adverse events",E3,478,0
24,NCT04160975,other_event_count,Total,"Total, other adverse events",E4,485,0
25,NCT04160975,other_event_count,Total,"Total, other adverse events",E5,649,0
26,NCT04160975,other_event_count,Total,"Total, other adverse events",E6,658,0
27,NCT04280705,reported_events_info,"Grade 3 and 4 serious and non-serious adverse events were collected for 29 days after the first dose. Laboratory values were systematically assessed at Days 1, 3, 5, 8, and 11 while participants were inpatient, and at Days 15 and 29.","Given the nature of severity of the underlying illness, participants were expected to have many symptoms and abnormalities in vital signs and laboratory values. All Grade 3 and 4 AEs were captured as AEs in this trial. In addition, any Grade 2 or higher, suspected drug-related hypersensitivity reaction was to be reported as an AE in this trial. All cause mortality was calculated for the ITT population, while SAEs and AEs reflect the as treated population.",,,
28,NCT04280705,group_info,E1,Placebo,"200 mg of Remdesivir placebo administered intravenously on Day 1, followed by a 100 mg once-daily maintenance dose of Remdesivir placebo while hospitalized for up to a 10 days total course.",,
29,NCT04280705,group_info,E2,Remdesivir,"200 mg of Remdesivir administered intravenously on Day 1, followed by a 100 mg once-daily maintenance dose of Remdesivir while hospitalized for up to a 10 days total course.",,
30,NCT04280705,serious_events_info,NA,MedDRA (23.0),Non-systematic Assessment,,
31,NCT04280705,serious_event_count,Total,"Total, all-cause mortality",E1,521,77
32,NCT04280705,serious_event_count,Total,"Total, all-cause mortality",E2,541,59
33,NCT04280705,serious_event_count,Total,"Total, serious adverse events",E1,516,163
34,NCT04280705,serious_event_count,Total,"Total, serious adverse events",E2,532,131
35,NCT04280705,serious_event_count,Blood and lymphatic system disorders,Coagulopathy,E1,516,0
36,NCT04280705,serious_event_count,Blood and lymphatic system disorders,Coagulopathy,E2,532,1
37,NCT04280705,serious_event_count,Blood and lymphatic system disorders,Febrile neutropenia,E1,516,0
38,NCT04280705,serious_event_count,Blood and lymphatic system disorders,Febrile neutropenia,E2,532,1
39,NCT04280705,serious_event_count,Blood and lymphatic system disorders,Anaemia,E1,516,1
40,NCT04280705,serious_event_count,Blood and lymphatic system disorders,Anaemia,E2,532,0
41,NCT04280705,serious_event_count,Cardiac disorders,Cardiac arrest,E1,516,7
42,NCT04280705,serious_event_count,Cardiac disorders,Cardiac arrest,E2,532,10
43,NCT04280705,serious_event_count,Cardiac disorders,Atrial fibrillation,E1,516,1
44,NCT04280705,serious_event_count,Cardiac disorders,Atrial fibrillation,E2,532,5
45,NCT04280705,serious_event_count,Cardiac disorders,Cardio-respiratory arrest,E1,516,3
46,NCT04280705,serious_event_count,Cardiac disorders,Cardio-respiratory arrest,E2,532,1
47,NCT04280705,serious_event_count,Cardiac disorders,Myocardial infarction,E1,516,4
48,NCT04280705,serious_event_count,Cardiac disorders,Myocardial infarction,E2,532,0
49,NCT04280705,serious_event_count,Cardiac disorders,Supraventricular tachycardia,E1,516,3
50,NCT04280705,serious_event_count,Cardiac disorders,Supraventricular tachycardia,E2,532,0
51,NCT04280705,serious_event_count,Cardiac disorders,Ventricular tachycardia,E1,516,0
52,NCT04280705,serious_event_count,Cardiac disorders,Ventricular tachycardia,E2,532,2
53,NCT04280705,serious_event_count,Cardiac disorders,Acute myocardial infarction,E1,516,1
54,NCT04280705,serious_event_count,Cardiac disorders,Acute myocardial infarction,E2,532,1
55,NCT04280705,serious_event_count,Cardiac disorders,Cardiac failure,E1,516,1
56,NCT04280705,serious_event_count,Cardiac disorders,Cardiac failure,E2,532,1
57,NCT04280705,serious_event_count,Cardiac disorders,Cardiogenic shock,E1,516,2
58,NCT04280705,serious_event_count,Cardiac disorders,Cardiogenic shock,E2,532,0
59,NCT04280705,serious_event_count,Cardiac disorders,Acute coronary syndrome,E1,516,0
60,NCT04280705,serious_event_count,Cardiac disorders,Acute coronary syndrome,E2,532,1
61,NCT04280705,serious_event_count,Cardiac disorders,Arrhythmia,E1,516,0
62,NCT04280705,serious_event_count,Cardiac disorders,Arrhythmia,E2,532,1
63,NCT04280705,serious_event_count,Cardiac disorders,Palpitations,E1,516,0
64,NCT04280705,serious_event_count,Cardiac disorders,Palpitations,E2,532,1
65,NCT04280705,serious_event_count,Cardiac disorders,Pulseless electrical activity,E1,516,0
66,NCT04280705,serious_event_count,Cardiac disorders,Pulseless electrical activity,E2,532,1
67,NCT04280705,serious_event_count,Cardiac disorders,Ventricular fibrillation,E1,516,0
68,NCT04280705,serious_event_count,Cardiac disorders,Ventricular fibrillation,E2,532,1
69,NCT04280705,serious_event_count,Cardiac disorders,Cardiac tamponade,E1,516,1
70,NCT04280705,serious_event_count,Cardiac disorders,Cardiac tamponade,E2,532,0
71,NCT04280705,serious_event_count,Gastrointestinal disorders,Intestinal ischaemia,E1,516,0
72,NCT04280705,serious_event_count,Gastrointestinal disorders,Intestinal ischaemia,E2,532,3
73,NCT04280705,serious_event_count,Gastrointestinal disorders,Diarrhoea,E1,516,0
74,NCT04280705,serious_event_count,Gastrointestinal disorders,Diarrhoea,E2,532,1
75,NCT04280705,serious_event_count,Gastrointestinal disorders,Duodenal perforation,E1,516,0
76,NCT04280705,serious_event_count,Gastrointestinal disorders,Duodenal perforation,E2,532,1
77,NCT04280705,serious_event_count,Gastrointestinal disorders,Gastrointestinal haemorrhage,E1,516,0
78,NCT04280705,serious_event_count,Gastrointestinal disorders,Gastrointestinal haemorrhage,E2,532,1
79,NCT04280705,serious_event_count,Gastrointestinal disorders,Small intestinal perforation,E1,516,0
80,NCT04280705,serious_event_count,Gastrointestinal disorders,Small intestinal perforation,E2,532,1
81,NCT04280705,serious_event_count,Gastrointestinal disorders,Haematemesis,E1,516,1
82,NCT04280705,serious_event_count,Gastrointestinal disorders,Haematemesis,E2,532,0
83,NCT04280705,serious_event_count,Gastrointestinal disorders,Peptic ulcer haemorrhage,E1,516,1
84,NCT04280705,serious_event_count,Gastrointestinal disorders,Peptic ulcer haemorrhage,E2,532,0
85,NCT04280705,serious_event_count,Gastrointestinal disorders,Small intestinal obstruction,E1,516,1
86,NCT04280705,serious_event_count,Gastrointestinal disorders,Small intestinal obstruction,E2,532,0
87,NCT04280705,serious_event_count,General disorders,Multiple organ dysfunction syndrome,E1,516,3
88,NCT04280705,serious_event_count,General disorders,Multiple organ dysfunction syndrome,E2,532,5
89,NCT04280705,serious_event_count,General disorders,Pyrexia,E1,516,2
90,NCT04280705,serious_event_count,General disorders,Pyrexia,E2,532,1
91,NCT04280705,serious_event_count,General disorders,Chest pain,E1,516,0
92,NCT04280705,serious_event_count,General disorders,Chest pain,E2,532,1
93,NCT04280705,serious_event_count,General disorders,Death,E1,516,1
94,NCT04280705,serious_event_count,General disorders,Death,E2,532,0
95,NCT04280705,serious_event_count,Hepatobiliary disorders,Hepatitis,E1,516,1
96,NCT04280705,serious_event_count,Hepatobiliary disorders,Hepatitis,E2,532,0
97,NCT04280705,serious_event_count,Hepatobiliary disorders,Ischaemic hepatitis,E1,516,1
98,NCT04280705,serious_event_count,Hepatobiliary disorders,Ischaemic hepatitis,E2,532,0
99,NCT04280705,serious_event_count,Immune system disorders,Drug hypersensitivity,E1,516,1
100,NCT04280705,serious_event_count,Immune system disorders,Drug hypersensitivity,E2,532,0
101,NCT04280705,serious_event_count,Infections and infestations,Septic shock,E1,516,15
102,NCT04280705,serious_event_count,Infections and infestations,Septic shock,E2,532,8
103,NCT04280705,serious_event_count,Infections and infestations,COVID-19,E1,516,5
104,NCT04280705,serious_event_count,Infections and infestations,COVID-19,E2,532,2
105,NCT04280705,serious_event_count,Infections and infestations,Bacteraemia,E1,516,2
106,NCT04280705,serious_event_count,Infections and infestations,Bacteraemia,E2,532,1
107,NCT04280705,serious_event_count,Infections and infestations,COVID-19 pneumonia,E1,516,2
108,NCT04280705,serious_event_count,Infections and infestations,COVID-19 pneumonia,E2,532,1
109,NCT04280705,serious_event_count,Infections and infestations,Sepsis,E1,516,2
110,NCT04280705,serious_event_count,Infections and infestations,Sepsis,E2,532,1
111,NCT04280705,serious_event_count,Infections and infestations,Pneumonia,E1,516,2
112,NCT04280705,serious_event_count,Infections and infestations,Pneumonia,E2,532,0
113,NCT04280705,serious_event_count,Infections and infestations,Catheter bacteraemia,E1,516,0
114,NCT04280705,serious_event_count,Infections and infestations,Catheter bacteraemia,E2,532,1
115,NCT04280705,serious_event_count,Infections and infestations,Gangrene,E1,516,0
116,NCT04280705,serious_event_count,Infections and infestations,Gangrene,E2,532,1
117,NCT04280705,serious_event_count,Infections and infestations,Infectious pleural effusion,E1,516,0
118,NCT04280705,serious_event_count,Infections and infestations,Infectious pleural effusion,E2,532,1
119,NCT04280705,serious_event_count,Infections and infestations,Staphylococcal bacteraemia,E1,516,0
120,NCT04280705,serious_event_count,Infections and infestations,Staphylococcal bacteraemia,E2,532,1
121,NCT04280705,serious_event_count,Infections and infestations,Urinary tract infection,E1,516,0
122,NCT04280705,serious_event_count,Infections and infestations,Urinary tract infection,E2,532,1
123,NCT04280705,serious_event_count,Infections and infestations,Bacterial sepsis,E1,516,1
124,NCT04280705,serious_event_count,Infections and infestations,Bacterial sepsis,E2,532,0
125,NCT04280705,serious_event_count,Infections and infestations,Endocarditis bacterial,E1,516,1
126,NCT04280705,serious_event_count,Infections and infestations,Endocarditis bacterial,E2,532,0
127,NCT04280705,serious_event_count,"Injury, poisoning and procedural complications",Hip fracture,E1,516,0
128,NCT04280705,serious_event_count,"Injury, poisoning and procedural complications",Hip fracture,E2,532,1
129,NCT04280705,serious_event_count,"Injury, poisoning and procedural complications",Infusion related reaction,E1,516,0
130,NCT04280705,serious_event_count,"Injury, poisoning and procedural complications",Infusion related reaction,E2,532,1
131,NCT04280705,serious_event_count,"Injury, poisoning and procedural complications",Procedural pneumothorax,E1,516,1
132,NCT04280705,serious_event_count,"Injury, poisoning and procedural complications",Procedural pneumothorax,E2,532,0
133,NCT04280705,serious_event_count,Investigations,Glomerular filtration rate decreased,E1,516,2
134,NCT04280705,serious_event_count,Investigations,Glomerular filtration rate decreased,E2,532,5
135,NCT04280705,serious_event_count,Investigations,Haemoglobin decreased,E1,516,2
136,NCT04280705,serious_event_count,Investigations,Haemoglobin decreased,E2,532,1
137,NCT04280705,serious_event_count,Investigations,Oxygen saturation decreased,E1,516,1
138,NCT04280705,serious_event_count,Investigations,Oxygen saturation decreased,E2,532,1
139,NCT04280705,serious_event_count,Investigations,Blood creatinine increased,E1,516,0
140,NCT04280705,serious_event_count,Investigations,Blood creatinine increased,E2,532,1
141,NCT04280705,serious_event_count,Investigations,Lymphocyte count decreased,E1,516,0
142,NCT04280705,serious_event_count,Investigations,Lymphocyte count decreased,E2,532,1
143,NCT04280705,serious_event_count,Metabolism and nutrition disorders,Acidosis,E1,516,1
144,NCT04280705,serious_event_count,Metabolism and nutrition disorders,Acidosis,E2,532,1
145,NCT04280705,serious_event_count,Metabolism and nutrition disorders,Dehydration,E1,516,0
146,NCT04280705,serious_event_count,Metabolism and nutrition disorders,Dehydration,E2,532,1
147,NCT04280705,serious_event_count,Metabolism and nutrition disorders,Hypernatraemia,E1,516,0
148,NCT04280705,serious_event_count,Metabolism and nutrition disorders,Hypernatraemia,E2,532,1
149,NCT04280705,serious_event_count,Metabolism and nutrition disorders,Hyponatraemia,E1,516,0
150,NCT04280705,serious_event_count,Metabolism and nutrition disorders,Hyponatraemia,E2,532,1
151,NCT04280705,serious_event_count,Metabolism and nutrition disorders,Decreased appetite,E1,516,1
152,NCT04280705,serious_event_count,Metabolism and nutrition disorders,Decreased appetite,E2,532,0
153,NCT04280705,serious_event_count,Musculoskeletal and connective tissue disorders,Pain in extremity,E1,516,0
154,NCT04280705,serious_event_count,Musculoskeletal and connective tissue disorders,Pain in extremity,E2,532,1
155,NCT04280705,serious_event_count,Musculoskeletal and connective tissue disorders,Myalgia,E1,516,1
156,NCT04280705,serious_event_count,Musculoskeletal and connective tissue disorders,Myalgia,E2,532,0
157,NCT04280705,serious_event_count,Musculoskeletal and connective tissue disorders,Myopathy,E1,516,1
158,NCT04280705,serious_event_count,Musculoskeletal and connective tissue disorders,Myopathy,E2,532,0
159,NCT04280705,serious_event_count,Nervous system disorders,Cerebrovascular accident,E1,516,1
160,NCT04280705,serious_event_count,Nervous system disorders,Cerebrovascular accident,E2,532,3
161,NCT04280705,serious_event_count,Nervous system disorders,Seizure,E1,516,1
162,NCT04280705,serious_event_count,Nervous system disorders,Seizure,E2,532,2
163,NCT04280705,serious_event_count,Nervous system disorders,Cerebellar infarction,E1,516,0
164,NCT04280705,serious_event_count,Nervous system disorders,Cerebellar infarction,E2,532,1
165,NCT04280705,serious_event_count,Nervous system disorders,Cerebral haemorrhage,E1,516,0
166,NCT04280705,serious_event_count,Nervous system disorders,Cerebral haemorrhage,E2,532,1
167,NCT04280705,serious_event_count,Nervous system disorders,Encephalopathy,E1,516,0
168,NCT04280705,serious_event_count,Nervous system disorders,Encephalopathy,E2,532,1
169,NCT04280705,serious_event_count,Nervous system disorders,Subarachnoid haemorrhage,E1,516,0
170,NCT04280705,serious_event_count,Nervous system disorders,Subarachnoid haemorrhage,E2,532,1
171,NCT04280705,serious_event_count,Nervous system disorders,Depressed level of consciousness,E1,516,1
172,NCT04280705,serious_event_count,Nervous system disorders,Depressed level of consciousness,E2,532,0
173,NCT04280705,serious_event_count,Nervous system disorders,Haemorrhagic transformation stroke,E1,516,1
174,NCT04280705,serious_event_count,Nervous system disorders,Haemorrhagic transformation stroke,E2,532,0
175,NCT04280705,serious_event_count,Nervous system disorders,Hemiparesis,E1,516,1
176,NCT04280705,serious_event_count,Nervous system disorders,Hemiparesis,E2,532,0
177,NCT04280705,serious_event_count,Nervous system disorders,Intensive care unit acquired weakness,E1,516,1
178,NCT04280705,serious_event_count,Nervous system disorders,Intensive care unit acquired weakness,E2,532,0
179,NCT04280705,serious_event_count,Nervous system disorders,Ischaemic stroke,E1,516,1
180,NCT04280705,serious_event_count,Nervous system disorders,Ischaemic stroke,E2,532,0
181,NCT04280705,serious_event_count,Psychiatric disorders,Mental status changes,E1,516,0
182,NCT04280705,serious_event_count,Psychiatric disorders,Mental status changes,E2,532,1
183,NCT04280705,serious_event_count,Psychiatric disorders,Psychotic disorder,E1,516,1
184,NCT04280705,serious_event_count,Psychiatric disorders,Psychotic disorder,E2,532,0
185,NCT04280705,serious_event_count,Renal and urinary disorders,Acute kidney injury,E1,516,12
186,NCT04280705,serious_event_count,Renal and urinary disorders,Acute kidney injury,E2,532,7
187,NCT04280705,serious_event_count,Renal and urinary disorders,Renal failure,E1,516,5
188,NCT04280705,serious_event_count,Renal and urinary disorders,Renal failure,E2,532,2
189,NCT04280705,serious_event_count,Renal and urinary disorders,Renal impairment,E1,516,3
190,NCT04280705,serious_event_count,Renal and urinary disorders,Renal impairment,E2,532,1
191,NCT04280705,serious_event_count,"Respiratory, thoracic and mediastinal disorders",Respiratory failure,E1,516,58
192,NCT04280705,serious_event_count,"Respiratory, thoracic and mediastinal disorders",Respiratory failure,E2,532,35
193,NCT04280705,serious_event_count,"Respiratory, thoracic and mediastinal disorders",Acute respiratory failure,E1,516,14
194,NCT04280705,serious_event_count,"Respiratory, thoracic and mediastinal disorders",Acute respiratory failure,E2,532,8
195,NCT04280705,serious_event_count,"Respiratory, thoracic and mediastinal disorders",Respiratory distress,E1,516,11
196,NCT04280705,serious_event_count,"Respiratory, thoracic and mediastinal disorders",Respiratory distress,E2,532,6
197,NCT04280705,serious_event_count,"Respiratory, thoracic and mediastinal disorders",Acute respiratory distress syndrome,E1,516,5
198,NCT04280705,serious_event_count,"Respiratory, thoracic and mediastinal disorders",Acute respiratory distress syndrome,E2,532,7
199,NCT04280705,serious_event_count,"Respiratory, thoracic and mediastinal disorders",Pneumothorax,E1,516,5
200,NCT04280705,serious_event_count,"Respiratory, thoracic and mediastinal disorders",Pneumothorax,E2,532,5
201,NCT04280705,serious_event_count,"Respiratory, thoracic and mediastinal disorders",Pulmonary embolism,E1,516,4
202,NCT04280705,serious_event_count,"Respiratory, thoracic and mediastinal disorders",Pulmonary embolism,E2,532,5
203,NCT04280705,serious_event_count,"Respiratory, thoracic and mediastinal disorders",Hypoxia,E1,516,4
204,NCT04280705,serious_event_count,"Respiratory, thoracic and mediastinal disorders",Hypoxia,E2,532,4
205,NCT04280705,serious_event_count,"Respiratory, thoracic and mediastinal disorders",Pneumonia aspiration,E1,516,2
206,NCT04280705,serious_event_count,"Respiratory, thoracic and mediastinal disorders",Pneumonia aspiration,E2,532,4
207,NCT04280705,serious_event_count,"Respiratory, thoracic and mediastinal disorders",Dyspnoea,E1,516,1
208,NCT04280705,serious_event_count,"Respiratory, thoracic and mediastinal disorders",Dyspnoea,E2,532,3
209,NCT04280705,serious_event_count,"Respiratory, thoracic and mediastinal disorders",Respiratory disorder,E1,516,2
210,NCT04280705,serious_event_count,"Respiratory, thoracic and mediastinal disorders",Respiratory disorder,E2,532,0
211,NCT04280705,serious_event_count,"Respiratory, thoracic and mediastinal disorders",Chronic respiratory failure,E1,516,0
212,NCT04280705,serious_event_count,"Respiratory, thoracic and mediastinal disorders",Chronic respiratory failure,E2,532,1
213,NCT04280705,serious_event_count,"Respiratory, thoracic and mediastinal disorders",Haemoptysis,E1,516,0
214,NCT04280705,serious_event_count,"Respiratory, thoracic and mediastinal disorders",Haemoptysis,E2,532,1
215,NCT04280705,serious_event_count,"Respiratory, thoracic and mediastinal disorders",Pulmonary haemorrhage,E1,516,0
216,NCT04280705,serious_event_count,"Respiratory, thoracic and mediastinal disorders",Pulmonary haemorrhage,E2,532,1
217,NCT04280705,serious_event_count,Skin and subcutaneous tissue disorders,Subcutaneous emphysema,E1,516,0
218,NCT04280705,serious_event_count,Skin and subcutaneous tissue disorders,Subcutaneous emphysema,E2,532,1
219,NCT04280705,serious_event_count,Surgical and medical procedures,Endotracheal intubation,E1,516,9
220,NCT04280705,serious_event_count,Surgical and medical procedures,Endotracheal intubation,E2,532,6
221,NCT04280705,serious_event_count,Surgical and medical procedures,Mechanical ventilation,E1,516,3
222,NCT04280705,serious_event_count,Surgical and medical procedures,Mechanical ventilation,E2,532,1
223,NCT04280705,serious_event_count,Vascular disorders,Hypotension,E1,516,7
224,NCT04280705,serious_event_count,Vascular disorders,Hypotension,E2,532,4
225,NCT04280705,serious_event_count,Vascular disorders,Shock,E1,516,4
226,NCT04280705,serious_event_count,Vascular disorders,Shock,E2,532,5
227,NCT04280705,serious_event_count,Vascular disorders,Deep vein thrombosis,E1,516,1
228,NCT04280705,serious_event_count,Vascular disorders,Deep vein thrombosis,E2,532,1
229,NCT04280705,serious_event_count,Vascular disorders,Embolism venous,E1,516,0
230,NCT04280705,serious_event_count,Vascular disorders,Embolism venous,E2,532,1
231,NCT04280705,serious_event_count,Vascular disorders,Peripheral artery occlusion,E1,516,0
232,NCT04280705,serious_event_count,Vascular disorders,Peripheral artery occlusion,E2,532,1
233,NCT04280705,serious_event_count,Vascular disorders,Shock haemorrhagic,E1,516,0
234,NCT04280705,serious_event_count,Vascular disorders,Shock haemorrhagic,E2,532,1
235,NCT04280705,other_events_info,5,MedDRA (23.0),Systematic Assessment,,
236,NCT04280705,other_event_count,Total,"Total, other adverse events",E1,516,295
237,NCT04280705,other_event_count,Total,"Total, other adverse events",E2,532,276
238,NCT04280705,other_event_count,Blood and lymphatic system disorders,Anaemia,E1,516,52
239,NCT04280705,other_event_count,Blood and lymphatic system disorders,Anaemia,E2,532,42
240,NCT04280705,other_event_count,Blood and lymphatic system disorders,Lymphopenia,E1,516,30
241,NCT04280705,other_event_count,Blood and lymphatic system disorders,Lymphopenia,E2,532,13
242,NCT04280705,other_event_count,General disorders,Pyrexia,E1,516,32
243,NCT04280705,other_event_count,General disorders,Pyrexia,E2,532,38
244,NCT04280705,other_event_count,Investigations,Glomerular filtration rate decreased,E1,516,74
245,NCT04280705,other_event_count,Investigations,Glomerular filtration rate decreased,E2,532,55
246,NCT04280705,other_event_count,Investigations,Haemoglobin decreased,E1,516,62
247,NCT04280705,other_event_count,Investigations,Haemoglobin decreased,E2,532,48
248,NCT04280705,other_event_count,Investigations,Lymphocyte count decreased,E1,516,54
249,NCT04280705,other_event_count,Investigations,Lymphocyte count decreased,E2,532,44
250,NCT04280705,other_event_count,Investigations,Blood creatinine increased,E1,516,36
251,NCT04280705,other_event_count,Investigations,Blood creatinine increased,E2,532,31
252,NCT04280705,other_event_count,Investigations,Blood glucose increased,E1,516,27
253,NCT04280705,other_event_count,Investigations,Blood glucose increased,E2,532,39
254,NCT04280705,other_event_count,Investigations,Aspartate aminotransferase increased,E1,516,33
255,NCT04280705,other_event_count,Investigations,Aspartate aminotransferase increased,E2,532,18
256,NCT04280705,other_event_count,Metabolism and nutrition disorders,Hyperglycaemia,E1,516,34
257,NCT04280705,other_event_count,Metabolism and nutrition disorders,Hyperglycaemia,E2,532,34
258,NCT04292730,reported_events_info,"First dose date up to the last dose date (maximum: 10 days for Part A, 11 days for Part B) plus 30 days.",Part A=Safety Analysis Set included participants who were randomized into part A of the study and received at least 1 dose of study treatment or completed the Day 1 visit (SOC only group); Part B=Expanded RDV-Treated Analysis Set included participants who were enrolled into part B of the study and received at least 1 dose of study drug.,,,
259,NCT04292730,group_info,E1,Part A: Remdesivir for 5 Days,Participants received continued SOC therapy together with IV RDV 200 mg on Day 1 followed by IV RDV 100 mg on Days 2-5.,,
260,NCT04292730,group_info,E2,Part A: Remdesivir for 10 Days,Participants received continued SOC therapy together with IV RDV 200 mg on Day 1 followed by IV RDV 100 mg on Days 2-10.,,
261,NCT04292730,group_info,E3,Part A: SOC Therapy,Participants received continued SOC therapy.,,
262,NCT04292730,group_info,E4,"Part B: Extension Treatment, Remdesivir for 10 Days",Participants received continued SOC therapy together with IV RDV 200 mg on Day 1 followed by IV RDV 100 mg on Days 2-10.,,
263,NCT04292730,serious_events_info,NA,MedDRA (22.1),Systematic Assessment,,
264,NCT04292730,serious_event_count,Total,"Total, all-cause mortality",E1,191,2
265,NCT04292730,serious_event_count,Total,"Total, all-cause mortality",E2,193,3
266,NCT04292730,serious_event_count,Total,"Total, all-cause mortality",E3,200,4
267,NCT04292730,serious_event_count,Total,"Total, all-cause mortality",E4,503,13
268,NCT04292730,serious_event_count,Total,"Total, serious adverse events",E1,191,9
269,NCT04292730,serious_event_count,Total,"Total, serious adverse events",E2,193,10
270,NCT04292730,serious_event_count,Total,"Total, serious adverse events",E3,200,18
271,NCT04292730,serious_event_count,Total,"Total, serious adverse events",E4,503,40
272,NCT04292730,serious_event_count,Blood and lymphatic system disorders,Anaemia,E1,191,0
273,NCT04292730,serious_event_count,Blood and lymphatic system disorders,Anaemia,E2,193,0
274,NCT04292730,serious_event_count,Blood and lymphatic system disorders,Anaemia,E3,200,1
275,NCT04292730,serious_event_count,Blood and lymphatic system disorders,Anaemia,E4,503,0
276,NCT04292730,serious_event_count,Blood and lymphatic system disorders,Febrile neutropenia,E1,191,1
277,NCT04292730,serious_event_count,Blood and lymphatic system disorders,Febrile neutropenia,E2,193,0
278,NCT04292730,serious_event_count,Blood and lymphatic system disorders,Febrile neutropenia,E3,200,0
279,NCT04292730,serious_event_count,Blood and lymphatic system disorders,Febrile neutropenia,E4,503,0
280,NCT04292730,serious_event_count,Blood and lymphatic system disorders,Pancytopenia,E1,191,0
281,NCT04292730,serious_event_count,Blood and lymphatic system disorders,Pancytopenia,E2,193,0
282,NCT04292730,serious_event_count,Blood and lymphatic system disorders,Pancytopenia,E3,200,0
283,NCT04292730,serious_event_count,Blood and lymphatic system disorders,Pancytopenia,E4,503,1
284,NCT04292730,serious_event_count,Blood and lymphatic system disorders,Thrombocytopenia,E1,191,0
285,NCT04292730,serious_event_count,Blood and lymphatic system disorders,Thrombocytopenia,E2,193,0
286,NCT04292730,serious_event_count,Blood and lymphatic system disorders,Thrombocytopenia,E3,200,0
287,NCT04292730,serious_event_count,Blood and lymphatic system disorders,Thrombocytopenia,E4,503,1
288,NCT04292730,serious_event_count,Cardiac disorders,Atrioventricular block complete,E1,191,0
289,NCT04292730,serious_event_count,Cardiac disorders,Atrioventricular block complete,E2,193,1
290,NCT04292730,serious_event_count,Cardiac disorders,Atrioventricular block complete,E3,200,0
291,NCT04292730,serious_event_count,Cardiac disorders,Atrioventricular block complete,E4,503,0
292,NCT04292730,serious_event_count,Cardiac disorders,Cardiac arrest,E1,191,0
293,NCT04292730,serious_event_count,Cardiac disorders,Cardiac arrest,E2,193,0
294,NCT04292730,serious_event_count,Cardiac disorders,Cardiac arrest,E3,200,2
295,NCT04292730,serious_event_count,Cardiac disorders,Cardiac arrest,E4,503,0
296,NCT04292730,serious_event_count,Cardiac disorders,Cardiac failure acute,E1,191,0
297,NCT04292730,serious_event_count,Cardiac disorders,Cardiac failure acute,E2,193,0
298,NCT04292730,serious_event_count,Cardiac disorders,Cardiac failure acute,E3,200,0
299,NCT04292730,serious_event_count,Cardiac disorders,Cardiac failure acute,E4,503,1
300,NCT04292730,serious_event_count,Cardiac disorders,Cardiac failure congestive,E1,191,0
301,NCT04292730,serious_event_count,Cardiac disorders,Cardiac failure congestive,E2,193,0
302,NCT04292730,serious_event_count,Cardiac disorders,Cardiac failure congestive,E3,200,0
303,NCT04292730,serious_event_count,Cardiac disorders,Cardiac failure congestive,E4,503,1
304,NCT04292730,serious_event_count,Cardiac disorders,Cardio-respiratory arrest,E1,191,0
305,NCT04292730,serious_event_count,Cardiac disorders,Cardio-respiratory arrest,E2,193,0
306,NCT04292730,serious_event_count,Cardiac disorders,Cardio-respiratory arrest,E3,200,0
307,NCT04292730,serious_event_count,Cardiac disorders,Cardio-respiratory arrest,E4,503,1
308,NCT04292730,serious_event_count,Cardiac disorders,Myocardial infarction,E1,191,0
309,NCT04292730,serious_event_count,Cardiac disorders,Myocardial infarction,E2,193,0
310,NCT04292730,serious_event_count,Cardiac disorders,Myocardial infarction,E3,200,1
311,NCT04292730,serious_event_count,Cardiac disorders,Myocardial infarction,E4,503,0
312,NCT04292730,serious_event_count,Gastrointestinal disorders,Gastrointestinal haemorrhage,E1,191,0
313,NCT04292730,serious_event_count,Gastrointestinal disorders,Gastrointestinal haemorrhage,E2,193,0
314,NCT04292730,serious_event_count,Gastrointestinal disorders,Gastrointestinal haemorrhage,E3,200,0
315,NCT04292730,serious_event_count,Gastrointestinal disorders,Gastrointestinal haemorrhage,E4,503,1
316,NCT04292730,serious_event_count,Gastrointestinal disorders,Intestinal ischaemia,E1,191,0
317,NCT04292730,serious_event_count,Gastrointestinal disorders,Intestinal ischaemia,E2,193,0
318,NCT04292730,serious_event_count,Gastrointestinal disorders,Intestinal ischaemia,E3,200,1
319,NCT04292730,serious_event_count,Gastrointestinal disorders,Intestinal ischaemia,E4,503,0
320,NCT04292730,serious_event_count,Gastrointestinal disorders,Intestinal perforation,E1,191,0
321,NCT04292730,serious_event_count,Gastrointestinal disorders,Intestinal perforation,E2,193,0
322,NCT04292730,serious_event_count,Gastrointestinal disorders,Intestinal perforation,E3,200,0
323,NCT04292730,serious_event_count,Gastrointestinal disorders,Intestinal perforation,E4,503,1
324,NCT04292730,serious_event_count,Gastrointestinal disorders,Pancreatitis acute,E1,191,0
325,NCT04292730,serious_event_count,Gastrointestinal disorders,Pancreatitis acute,E2,193,0
326,NCT04292730,serious_event_count,Gastrointestinal disorders,Pancreatitis acute,E3,200,0
327,NCT04292730,serious_event_count,Gastrointestinal disorders,Pancreatitis acute,E4,503,1
328,NCT04292730,serious_event_count,Gastrointestinal disorders,Small intestinal obstruction,E1,191,0
329,NCT04292730,serious_event_count,Gastrointestinal disorders,Small intestinal obstruction,E2,193,0
330,NCT04292730,serious_event_count,Gastrointestinal disorders,Small intestinal obstruction,E3,200,0
331,NCT04292730,serious_event_count,Gastrointestinal disorders,Small intestinal obstruction,E4,503,2
332,NCT04292730,serious_event_count,Gastrointestinal disorders,Vomiting,E1,191,0
333,NCT04292730,serious_event_count,Gastrointestinal disorders,Vomiting,E2,193,1
334,NCT04292730,serious_event_count,Gastrointestinal disorders,Vomiting,E3,200,0
335,NCT04292730,serious_event_count,Gastrointestinal disorders,Vomiting,E4,503,0
336,NCT04292730,serious_event_count,General disorders,Chest pain,E1,191,0
337,NCT04292730,serious_event_count,General disorders,Chest pain,E2,193,0
338,NCT04292730,serious_event_count,General disorders,Chest pain,E3,200,1
339,NCT04292730,serious_event_count,General disorders,Chest pain,E4,503,1
340,NCT04292730,serious_event_count,General disorders,Death,E1,191,0
341,NCT04292730,serious_event_count,General disorders,Death,E2,193,0
342,NCT04292730,serious_event_count,General disorders,Death,E3,200,0
343,NCT04292730,serious_event_count,General disorders,Death,E4,503,2
344,NCT04292730,serious_event_count,General disorders,General physical health deterioration,E1,191,0
345,NCT04292730,serious_event_count,General disorders,General physical health deterioration,E2,193,0
346,NCT04292730,serious_event_count,General disorders,General physical health deterioration,E3,200,0
347,NCT04292730,serious_event_count,General disorders,General physical health deterioration,E4,503,1
348,NCT04292730,serious_event_count,General disorders,Impaired healing,E1,191,1
349,NCT04292730,serious_event_count,General disorders,Impaired healing,E2,193,0
350,NCT04292730,serious_event_count,General disorders,Impaired healing,E3,200,0
351,NCT04292730,serious_event_count,General disorders,Impaired healing,E4,503,0
352,NCT04292730,serious_event_count,General disorders,Multiple organ dysfunction syndrome,E1,191,0
353,NCT04292730,serious_event_count,General disorders,Multiple organ dysfunction syndrome,E2,193,0
354,NCT04292730,serious_event_count,General disorders,Multiple organ dysfunction syndrome,E3,200,0
355,NCT04292730,serious_event_count,General disorders,Multiple organ dysfunction syndrome,E4,503,2
356,NCT04292730,serious_event_count,General disorders,Pyrexia,E1,191,0
357,NCT04292730,serious_event_count,General disorders,Pyrexia,E2,193,0
358,NCT04292730,serious_event_count,General disorders,Pyrexia,E3,200,0
359,NCT04292730,serious_event_count,General disorders,Pyrexia,E4,503,1
360,NCT04292730,serious_event_count,Infections and infestations,Arthritis infective,E1,191,0
361,NCT04292730,serious_event_count,Infections and infestations,Arthritis infective,E2,193,1
362,NCT04292730,serious_event_count,Infections and infestations,Arthritis infective,E3,200,0
363,NCT04292730,serious_event_count,Infections and infestations,Arthritis infective,E4,503,0
364,NCT04292730,serious_event_count,Infections and infestations,Bacteraemia,E1,191,0
365,NCT04292730,serious_event_count,Infections and infestations,Bacteraemia,E2,193,0
366,NCT04292730,serious_event_count,Infections and infestations,Bacteraemia,E3,200,1
367,NCT04292730,serious_event_count,Infections and infestations,Bacteraemia,E4,503,0
368,NCT04292730,serious_event_count,Infections and infestations,Biliary sepsis,E1,191,0
369,NCT04292730,serious_event_count,Infections and infestations,Biliary sepsis,E2,193,0
370,NCT04292730,serious_event_count,Infections and infestations,Biliary sepsis,E3,200,0
371,NCT04292730,serious_event_count,Infections and infestations,Biliary sepsis,E4,503,1
372,NCT04292730,serious_event_count,Infections and infestations,Cellulitis,E1,191,0
373,NCT04292730,serious_event_count,Infections and infestations,Cellulitis,E2,193,0
374,NCT04292730,serious_event_count,Infections and infestations,Cellulitis,E3,200,0
375,NCT04292730,serious_event_count,Infections and infestations,Cellulitis,E4,503,1
376,NCT04292730,serious_event_count,Infections and infestations,Corona virus infection,E1,191,0
377,NCT04292730,serious_event_count,Infections and infestations,Corona virus infection,E2,193,0
378,NCT04292730,serious_event_count,Infections and infestations,Corona virus infection,E3,200,1
379,NCT04292730,serious_event_count,Infections and infestations,Corona virus infection,E4,503,2
380,NCT04292730,serious_event_count,Infections and infestations,Empyema,E1,191,0
381,NCT04292730,serious_event_count,Infections and infestations,Empyema,E2,193,0
382,NCT04292730,serious_event_count,Infections and infestations,Empyema,E3,200,0
383,NCT04292730,serious_event_count,Infections and infestations,Empyema,E4,503,1
384,NCT04292730,serious_event_count,Infections and infestations,Neutropenic sepsis,E1,191,0
385,NCT04292730,serious_event_count,Infections and infestations,Neutropenic sepsis,E2,193,0
386,NCT04292730,serious_event_count,Infections and infestations,Neutropenic sepsis,E3,200,0
387,NCT04292730,serious_event_count,Infections and infestations,Neutropenic sepsis,E4,503,1
388,NCT04292730,serious_event_count,Infections and infestations,Pneumonia,E1,191,0
389,NCT04292730,serious_event_count,Infections and infestations,Pneumonia,E2,193,0
390,NCT04292730,serious_event_count,Infections and infestations,Pneumonia,E3,200,1
391,NCT04292730,serious_event_count,Infections and infestations,Pneumonia,E4,503,1
392,NCT04292730,serious_event_count,Infections and infestations,Pneumonia bacterial,E1,191,1
393,NCT04292730,serious_event_count,Infections and infestations,Pneumonia bacterial,E2,193,0
394,NCT04292730,serious_event_count,Infections and infestations,Pneumonia bacterial,E3,200,0
395,NCT04292730,serious_event_count,Infections and infestations,Pneumonia bacterial,E4,503,0
396,NCT04292730,serious_event_count,Infections and infestations,Pneumonia viral,E1,191,0
397,NCT04292730,serious_event_count,Infections and infestations,Pneumonia viral,E2,193,0
398,NCT04292730,serious_event_count,Infections and infestations,Pneumonia viral,E3,200,0
399,NCT04292730,serious_event_count,Infections and infestations,Pneumonia viral,E4,503,1
400,NCT04292730,serious_event_count,Infections and infestations,Sepsis,E1,191,0
401,NCT04292730,serious_event_count,Infections and infestations,Sepsis,E2,193,0
402,NCT04292730,serious_event_count,Infections and infestations,Sepsis,E3,200,0
403,NCT04292730,serious_event_count,Infections and infestations,Sepsis,E4,503,1
404,NCT04292730,serious_event_count,Infections and infestations,Septic shock,E1,191,0
405,NCT04292730,serious_event_count,Infections and infestations,Septic shock,E2,193,0
406,NCT04292730,serious_event_count,Infections and infestations,Septic shock,E3,200,0
407,NCT04292730,serious_event_count,Infections and infestations,Septic shock,E4,503,1
408,NCT04292730,serious_event_count,Infections and infestations,Urinary tract infection,E1,191,0
409,NCT04292730,serious_event_count,Infections and infestations,Urinary tract infection,E2,193,0
410,NCT04292730,serious_event_count,Infections and infestations,Urinary tract infection,E3,200,0
411,NCT04292730,serious_event_count,Infections and infestations,Urinary tract infection,E4,503,2
412,NCT04292730,serious_event_count,"Injury, poisoning and procedural complications",Post procedural bile leak,E1,191,0
413,NCT04292730,serious_event_count,"Injury, poisoning and procedural complications",Post procedural bile leak,E2,193,0
414,NCT04292730,serious_event_count,"Injury, poisoning and procedural complications",Post procedural bile leak,E3,200,0
415,NCT04292730,serious_event_count,"Injury, poisoning and procedural complications",Post procedural bile leak,E4,503,1
416,NCT04292730,serious_event_count,Investigations,Alanine aminotransferase increased,E1,191,0
417,NCT04292730,serious_event_count,Investigations,Alanine aminotransferase increased,E2,193,1
418,NCT04292730,serious_event_count,Investigations,Alanine aminotransferase increased,E3,200,0
419,NCT04292730,serious_event_count,Investigations,Alanine aminotransferase increased,E4,503,0
420,NCT04292730,serious_event_count,Investigations,Heart rate decreased,E1,191,1
421,NCT04292730,serious_event_count,Investigations,Heart rate decreased,E2,193,0
422,NCT04292730,serious_event_count,Investigations,Heart rate decreased,E3,200,0
423,NCT04292730,serious_event_count,Investigations,Heart rate decreased,E4,503,0
424,NCT04292730,serious_event_count,Metabolism and nutrition disorders,Fluid overload,E1,191,0
425,NCT04292730,serious_event_count,Metabolism and nutrition disorders,Fluid overload,E2,193,0
426,NCT04292730,serious_event_count,Metabolism and nutrition disorders,Fluid overload,E3,200,1
427,NCT04292730,serious_event_count,Metabolism and nutrition disorders,Fluid overload,E4,503,0
428,NCT04292730,serious_event_count,Metabolism and nutrition disorders,Hyperkalaemia,E1,191,0
429,NCT04292730,serious_event_count,Metabolism and nutrition disorders,Hyperkalaemia,E2,193,0
430,NCT04292730,serious_event_count,Metabolism and nutrition disorders,Hyperkalaemia,E3,200,0
431,NCT04292730,serious_event_count,Metabolism and nutrition disorders,Hyperkalaemia,E4,503,1
432,NCT04292730,serious_event_count,"Neoplasms benign, malignant and unspecified (incl cysts and polyps)",Acute myeloid leukaemia,E1,191,0
433,NCT04292730,serious_event_count,"Neoplasms benign, malignant and unspecified (incl cysts and polyps)",Acute myeloid leukaemia,E2,193,0
434,NCT04292730,serious_event_count,"Neoplasms benign, malignant and unspecified (incl cysts and polyps)",Acute myeloid leukaemia,E3,200,0
435,NCT04292730,serious_event_count,"Neoplasms benign, malignant and unspecified (incl cysts and polyps)",Acute myeloid leukaemia,E4,503,2
436,NCT04292730,serious_event_count,"Neoplasms benign, malignant and unspecified (incl cysts and polyps)",Cancer pain,E1,191,0
437,NCT04292730,serious_event_count,"Neoplasms benign, malignant and unspecified (incl cysts and polyps)",Cancer pain,E2,193,0
438,NCT04292730,serious_event_count,"Neoplasms benign, malignant and unspecified (incl cysts and polyps)",Cancer pain,E3,200,1
439,NCT04292730,serious_event_count,"Neoplasms benign, malignant and unspecified (incl cysts and polyps)",Cancer pain,E4,503,0
440,NCT04292730,serious_event_count,"Neoplasms benign, malignant and unspecified (incl cysts and polyps)",Lung neoplasm malignant,E1,191,0
441,NCT04292730,serious_event_count,"Neoplasms benign, malignant and unspecified (incl cysts and polyps)",Lung neoplasm malignant,E2,193,0
442,NCT04292730,serious_event_count,"Neoplasms benign, malignant and unspecified (incl cysts and polyps)",Lung neoplasm malignant,E3,200,0
443,NCT04292730,serious_event_count,"Neoplasms benign, malignant and unspecified (incl cysts and polyps)",Lung neoplasm malignant,E4,503,1
444,NCT04292730,serious_event_count,Nervous system disorders,Brain oedema,E1,191,0
445,NCT04292730,serious_event_count,Nervous system disorders,Brain oedema,E2,193,0
446,NCT04292730,serious_event_count,Nervous system disorders,Brain oedema,E3,200,0
447,NCT04292730,serious_event_count,Nervous system disorders,Brain oedema,E4,503,1
448,NCT04292730,serious_event_count,Nervous system disorders,Cerebral haemorrhage,E1,191,0
449,NCT04292730,serious_event_count,Nervous system disorders,Cerebral haemorrhage,E2,193,0
450,NCT04292730,serious_event_count,Nervous system disorders,Cerebral haemorrhage,E3,200,0
451,NCT04292730,serious_event_count,Nervous system disorders,Cerebral haemorrhage,E4,503,1
452,NCT04292730,serious_event_count,Nervous system disorders,Cerebrovascular accident,E1,191,1
453,NCT04292730,serious_event_count,Nervous system disorders,Cerebrovascular accident,E2,193,0
454,NCT04292730,serious_event_count,Nervous system disorders,Cerebrovascular accident,E3,200,0
455,NCT04292730,serious_event_count,Nervous system disorders,Cerebrovascular accident,E4,503,0
456,NCT04292730,serious_event_count,Nervous system disorders,Depressed level of consciousness,E1,191,0
457,NCT04292730,serious_event_count,Nervous system disorders,Depressed level of consciousness,E2,193,1
458,NCT04292730,serious_event_count,Nervous system disorders,Depressed level of consciousness,E3,200,0
459,NCT04292730,serious_event_count,Nervous system disorders,Depressed level of consciousness,E4,503,0
460,NCT04292730,serious_event_count,Nervous system disorders,Dysarthria,E1,191,0
461,NCT04292730,serious_event_count,Nervous system disorders,Dysarthria,E2,193,0
462,NCT04292730,serious_event_count,Nervous system disorders,Dysarthria,E3,200,0
463,NCT04292730,serious_event_count,Nervous system disorders,Dysarthria,E4,503,1
464,NCT04292730,serious_event_count,Nervous system disorders,Syncope,E1,191,0
465,NCT04292730,serious_event_count,Nervous system disorders,Syncope,E2,193,1
466,NCT04292730,serious_event_count,Nervous system disorders,Syncope,E3,200,0
467,NCT04292730,serious_event_count,Nervous system disorders,Syncope,E4,503,0
468,NCT04292730,serious_event_count,Psychiatric disorders,Agitation,E1,191,0
469,NCT04292730,serious_event_count,Psychiatric disorders,Agitation,E2,193,0
470,NCT04292730,serious_event_count,Psychiatric disorders,Agitation,E3,200,0
471,NCT04292730,serious_event_count,Psychiatric disorders,Agitation,E4,503,1
472,NCT04292730,serious_event_count,Psychiatric disorders,Confusional state,E1,191,0
473,NCT04292730,serious_event_count,Psychiatric disorders,Confusional state,E2,193,0
474,NCT04292730,serious_event_count,Psychiatric disorders,Confusional state,E3,200,0
475,NCT04292730,serious_event_count,Psychiatric disorders,Confusional state,E4,503,1
476,NCT04292730,serious_event_count,Renal and urinary disorders,Acute kidney injury,E1,191,0
477,NCT04292730,serious_event_count,Renal and urinary disorders,Acute kidney injury,E2,193,0
478,NCT04292730,serious_event_count,Renal and urinary disorders,Acute kidney injury,E3,200,1
479,NCT04292730,serious_event_count,Renal and urinary disorders,Acute kidney injury,E4,503,1
480,NCT04292730,serious_event_count,Renal and urinary disorders,Renal colic,E1,191,1
481,NCT04292730,serious_event_count,Renal and urinary disorders,Renal colic,E2,193,0
482,NCT04292730,serious_event_count,Renal and urinary disorders,Renal colic,E3,200,0
483,NCT04292730,serious_event_count,Renal and urinary disorders,Renal colic,E4,503,0
484,NCT04292730,serious_event_count,Renal and urinary disorders,Renal failure,E1,191,0
485,NCT04292730,serious_event_count,Renal and urinary disorders,Renal failure,E2,193,0
486,NCT04292730,serious_event_count,Renal and urinary disorders,Renal failure,E3,200,0
487,NCT04292730,serious_event_count,Renal and urinary disorders,Renal failure,E4,503,2
488,NCT04292730,serious_event_count,"Respiratory, thoracic and mediastinal disorders",Acute respiratory distress syndrome,E1,191,1
489,NCT04292730,serious_event_count,"Respiratory, thoracic and mediastinal disorders",Acute respiratory distress syndrome,E2,193,0
490,NCT04292730,serious_event_count,"Respiratory, thoracic and mediastinal disorders",Acute respiratory distress syndrome,E3,200,0
491,NCT04292730,serious_event_count,"Respiratory, thoracic and mediastinal disorders",Acute respiratory distress syndrome,E4,503,1
492,NCT04292730,serious_event_count,"Respiratory, thoracic and mediastinal disorders",Acute respiratory failure,E1,191,0
493,NCT04292730,serious_event_count,"Respiratory, thoracic and mediastinal disorders",Acute respiratory failure,E2,193,1
494,NCT04292730,serious_event_count,"Respiratory, thoracic and mediastinal disorders",Acute respiratory failure,E3,200,5
495,NCT04292730,serious_event_count,"Respiratory, thoracic and mediastinal disorders",Acute respiratory failure,E4,503,4
496,NCT04292730,serious_event_count,"Respiratory, thoracic and mediastinal disorders",Dyspnoea,E1,191,1
497,NCT04292730,serious_event_count,"Respiratory, thoracic and mediastinal disorders",Dyspnoea,E2,193,1
498,NCT04292730,serious_event_count,"Respiratory, thoracic and mediastinal disorders",Dyspnoea,E3,200,0
499,NCT04292730,serious_event_count,"Respiratory, thoracic and mediastinal disorders",Dyspnoea,E4,503,1
500,NCT04292730,serious_event_count,"Respiratory, thoracic and mediastinal disorders",Epistaxis,E1,191,0
501,NCT04292730,serious_event_count,"Respiratory, thoracic and mediastinal disorders",Epistaxis,E2,193,0
502,NCT04292730,serious_event_count,"Respiratory, thoracic and mediastinal disorders",Epistaxis,E3,200,0
503,NCT04292730,serious_event_count,"Respiratory, thoracic and mediastinal disorders",Epistaxis,E4,503,1
504,NCT04292730,serious_event_count,"Respiratory, thoracic and mediastinal disorders",Hypoxia,E1,191,0
505,NCT04292730,serious_event_count,"Respiratory, thoracic and mediastinal disorders",Hypoxia,E2,193,0
506,NCT04292730,serious_event_count,"Respiratory, thoracic and mediastinal disorders",Hypoxia,E3,200,0
507,NCT04292730,serious_event_count,"Respiratory, thoracic and mediastinal disorders",Hypoxia,E4,503,1
508,NCT04292730,serious_event_count,"Respiratory, thoracic and mediastinal disorders",Lung opacity,E1,191,0
509,NCT04292730,serious_event_count,"Respiratory, thoracic and mediastinal disorders",Lung opacity,E2,193,0
510,NCT04292730,serious_event_count,"Respiratory, thoracic and mediastinal disorders",Lung opacity,E3,200,1
511,NCT04292730,serious_event_count,"Respiratory, thoracic and mediastinal disorders",Lung opacity,E4,503,0
512,NCT04292730,serious_event_count,"Respiratory, thoracic and mediastinal disorders",Pneumonia aspiration,E1,191,0
513,NCT04292730,serious_event_count,"Respiratory, thoracic and mediastinal disorders",Pneumonia aspiration,E2,193,1
514,NCT04292730,serious_event_count,"Respiratory, thoracic and mediastinal disorders",Pneumonia aspiration,E3,200,0
515,NCT04292730,serious_event_count,"Respiratory, thoracic and mediastinal disorders",Pneumonia aspiration,E4,503,0
516,NCT04292730,serious_event_count,"Respiratory, thoracic and mediastinal disorders",Pneumothorax spontaneous,E1,191,0
517,NCT04292730,serious_event_count,"Respiratory, thoracic and mediastinal disorders",Pneumothorax spontaneous,E2,193,0
518,NCT04292730,serious_event_count,"Respiratory, thoracic and mediastinal disorders",Pneumothorax spontaneous,E3,200,0
519,NCT04292730,serious_event_count,"Respiratory, thoracic and mediastinal disorders",Pneumothorax spontaneous,E4,503,1
520,NCT04292730,serious_event_count,"Respiratory, thoracic and mediastinal disorders",Pulmonary embolism,E1,191,1
521,NCT04292730,serious_event_count,"Respiratory, thoracic and mediastinal disorders",Pulmonary embolism,E2,193,0
522,NCT04292730,serious_event_count,"Respiratory, thoracic and mediastinal disorders",Pulmonary embolism,E3,200,0
523,NCT04292730,serious_event_count,"Respiratory, thoracic and mediastinal disorders",Pulmonary embolism,E4,503,2
524,NCT04292730,serious_event_count,"Respiratory, thoracic and mediastinal disorders",Respiratory distress,E1,191,0
525,NCT04292730,serious_event_count,"Respiratory, thoracic and mediastinal disorders",Respiratory distress,E2,193,2
526,NCT04292730,serious_event_count,"Respiratory, thoracic and mediastinal disorders",Respiratory distress,E3,200,2
527,NCT04292730,serious_event_count,"Respiratory, thoracic and mediastinal disorders",Respiratory distress,E4,503,1
528,NCT04292730,serious_event_count,"Respiratory, thoracic and mediastinal disorders",Respiratory failure,E1,191,1
529,NCT04292730,serious_event_count,"Respiratory, thoracic and mediastinal disorders",Respiratory failure,E2,193,0
530,NCT04292730,serious_event_count,"Respiratory, thoracic and mediastinal disorders",Respiratory failure,E3,200,2
531,NCT04292730,serious_event_count,"Respiratory, thoracic and mediastinal disorders",Respiratory failure,E4,503,1
532,NCT04292730,serious_event_count,Vascular disorders,Deep vein thrombosis,E1,191,1
533,NCT04292730,serious_event_count,Vascular disorders,Deep vein thrombosis,E2,193,0
534,NCT04292730,serious_event_count,Vascular disorders,Deep vein thrombosis,E3,200,0
535,NCT04292730,serious_event_count,Vascular disorders,Deep vein thrombosis,E4,503,0
536,NCT04292730,serious_event_count,Vascular disorders,Haemodynamic instability,E1,191,0
537,NCT04292730,serious_event_count,Vascular disorders,Haemodynamic instability,E2,193,1
538,NCT04292730,serious_event_count,Vascular disorders,Haemodynamic instability,E3,200,0
539,NCT04292730,serious_event_count,Vascular disorders,Haemodynamic instability,E4,503,0
540,NCT04292730,serious_event_count,Vascular disorders,Hypotension,E1,191,0
541,NCT04292730,serious_event_count,Vascular disorders,Hypotension,E2,193,0
542,NCT04292730,serious_event_count,Vascular disorders,Hypotension,E3,200,0
543,NCT04292730,serious_event_count,Vascular disorders,Hypotension,E4,503,2
544,NCT04292730,serious_event_count,Vascular disorders,Shock,E1,191,0
545,NCT04292730,serious_event_count,Vascular disorders,Shock,E2,193,0
546,NCT04292730,serious_event_count,Vascular disorders,Shock,E3,200,0
547,NCT04292730,serious_event_count,Vascular disorders,Shock,E4,503,1
548,NCT04292730,other_events_info,5,MedDRA (22.1),Systematic Assessment,,
549,NCT04292730,other_event_count,Total,"Total, other adverse events",E1,191,41
550,NCT04292730,other_event_count,Total,"Total, other adverse events",E2,193,42
551,NCT04292730,other_event_count,Total,"Total, other adverse events",E3,200,30
552,NCT04292730,other_event_count,Total,"Total, other adverse events",E4,503,113
553,NCT04292730,other_event_count,Gastrointestinal disorders,Constipation,E1,191,8
554,NCT04292730,other_event_count,Gastrointestinal disorders,Constipation,E2,193,5
555,NCT04292730,other_event_count,Gastrointestinal disorders,Constipation,E3,200,9
556,NCT04292730,other_event_count,Gastrointestinal disorders,Constipation,E4,503,26
557,NCT04292730,other_event_count,Gastrointestinal disorders,Diarrhoea,E1,191,12
558,NCT04292730,other_event_count,Gastrointestinal disorders,Diarrhoea,E2,193,10
559,NCT04292730,other_event_count,Gastrointestinal disorders,Diarrhoea,E3,200,14
560,NCT04292730,other_event_count,Gastrointestinal disorders,Diarrhoea,E4,503,28
561,NCT04292730,other_event_count,Gastrointestinal disorders,Nausea,E1,191,19
562,NCT04292730,other_event_count,Gastrointestinal disorders,Nausea,E2,193,18
563,NCT04292730,other_event_count,Gastrointestinal disorders,Nausea,E3,200,6
564,NCT04292730,other_event_count,Gastrointestinal disorders,Nausea,E4,503,41
565,NCT04292730,other_event_count,Metabolism and nutrition disorders,Hypokalaemia,E1,191,10
566,NCT04292730,other_event_count,Metabolism and nutrition disorders,Hypokalaemia,E2,193,13
567,NCT04292730,other_event_count,Metabolism and nutrition disorders,Hypokalaemia,E3,200,4
568,NCT04292730,other_event_count,Metabolism and nutrition disorders,Hypokalaemia,E4,503,23
569,NCT04292730,other_event_count,Nervous system disorders,Headache,E1,191,10
570,NCT04292730,other_event_count,Nervous system disorders,Headache,E2,193,10
571,NCT04292730,other_event_count,Nervous system disorders,Headache,E3,200,5
572,NCT04292730,other_event_count,Nervous system disorders,Headache,E4,503,27
