,NCT_id,num_arms,num_groups,arm_group_label,arm_group_type,arm_description
0,NCT04160975,6,NA,Black R/Race C/Doctor/Standard Script,Experimental,Video which contains a racially concordant actor playing a doctor and reading a standard script. The receiver of the message will be Black.
1,NCT04160975,6,NA,Black R/Race C/Layperson/Standard Script,Experimental,Video which contains a racially concordant actor playing a layperson and reading a standard script. The receiver of the message will be Black.
2,NCT04160975,6,NA,Black R/Race D/Doctor/Standard Script,Experimental,Video which contains a racially discordant actor playing a doctor and reading a standard script. The receiver of the message will be Black.
3,NCT04160975,6,NA,Black R/Race D/Doctor/Acknowledgement Script,Experimental,Video which contains a racially discordant actor playing a doctor and reading an acknowledgement script. The receiver of the message will be Black.
4,NCT04160975,6,NA,White R/Race C/Doctor/Standard Script,Experimental,Video which contains a racially concordant actor playing a doctor and reading a standard script. The receiver of the message will be White.
5,NCT04160975,6,NA,White R/Race D/Doctor/Standard Script,Experimental,Video which contains a racially discordant actor playing a doctor and reading a standard script. The receiver of the message will be White.
6,NCT04280705,2,NA,Placebo,Placebo Comparator,"200 mg of Remdesivir placebo administered intravenously on Day 1, followed by a 100 mg once-daily maintenance dose of Remdesivir placebo while hospitalized for up to a 10 days total course. n=286."
7,NCT04280705,2,NA,Remdesivir,Experimental,"200 mg of Remdesivir administered intravenously on Day 1, followed by a 100 mg once-daily maintenance dose of Remdesivir while hospitalized for up to a 10 days total course. n=286."
8,NCT04292730,4,NA,"Part A: Remdesivir (RDV), 5 Days",Experimental,"Participants will receive continued standard of care (SOC) therapy together with RDV 200 mg on Day 1 followed by RDV 100 mg on Days 2, 3, 4, and 5."
9,NCT04292730,4,NA,"Part A: Remdesivir, 10 Days",Experimental,"Participants will receive continued standard of care therapy together with RDV 200 mg on Day 1 followed by RDV 100 mg on Days 2, 3, 4, 5, 6, 7, 8, 9, and 10."
10,NCT04292730,4,NA,Part A: SOC Therapy,Active Comparator,Participants will receive continued standard of care therapy.
11,NCT04292730,4,NA,"Part B: Extension Treatment, Remdesivir 10 Days",Experimental,"Participants will receive continued standard of care therapy together with RDV 200 mg on Day 1 followed by RDV 100 mg on Days 2, 3, 4, 5, 6, 7, 8, 9, and 10."
