,NCT_id,arm_group_label,intervention_type,intervention_name,intervention_description,other_name
0,NCT04160975,Black R/Race C/Doctor/Standard Script,Behavioral,Video about safety and effectiveness of adult seasonal flu vaccination,The investigators will show subjects videos of either Black or white male actors providing scripted information on the flu vaccination. The content of the video will be the safety and effectiveness of adult seasonal flu vaccination. The videos contain one of Black or white actors playing the role of either a doctor or a layperson as well as different scripts.,NA
1,NCT04160975,Black R/Race C/Layperson/Standard Script,Behavioral,Video about safety and effectiveness of adult seasonal flu vaccination,The investigators will show subjects videos of either Black or white male actors providing scripted information on the flu vaccination. The content of the video will be the safety and effectiveness of adult seasonal flu vaccination. The videos contain one of Black or white actors playing the role of either a doctor or a layperson as well as different scripts.,NA
2,NCT04160975,Black R/Race D/Doctor/Acknowledgement Script,Behavioral,Video about safety and effectiveness of adult seasonal flu vaccination,The investigators will show subjects videos of either Black or white male actors providing scripted information on the flu vaccination. The content of the video will be the safety and effectiveness of adult seasonal flu vaccination. The videos contain one of Black or white actors playing the role of either a doctor or a layperson as well as different scripts.,NA
3,NCT04160975,Black R/Race D/Doctor/Standard Script,Behavioral,Video about safety and effectiveness of adult seasonal flu vaccination,The investigators will show subjects videos of either Black or white male actors providing scripted information on the flu vaccination. The content of the video will be the safety and effectiveness of adult seasonal flu vaccination. The videos contain one of Black or white actors playing the role of either a doctor or a layperson as well as different scripts.,NA
4,NCT04160975,White R/Race C/Doctor/Standard Script,Behavioral,Video about safety and effectiveness of adult seasonal flu vaccination,The investigators will show subjects videos of either Black or white male actors providing scripted information on the flu vaccination. The content of the video will be the safety and effectiveness of adult seasonal flu vaccination. The videos contain one of Black or white actors playing the role of either a doctor or a layperson as well as different scripts.,NA
5,NCT04160975,White R/Race D/Doctor/Standard Script,Behavioral,Video about safety and effectiveness of adult seasonal flu vaccination,The investigators will show subjects videos of either Black or white male actors providing scripted information on the flu vaccination. The content of the video will be the safety and effectiveness of adult seasonal flu vaccination. The videos contain one of Black or white actors playing the role of either a doctor or a layperson as well as different scripts.,NA
6,NCT04280705,Placebo,Other,Placebo,"The supplied placebo lyophilized formulation is identical in physical appearance to the active lyophilized formulation and contains the same inactive ingredients. Alternatively, a placebo of normal saline of equal volume may be given if there are limitations on matching placebo supplies.",NA
7,NCT04280705,Remdesivir,Drug,Remdesivir,"Drug Remdesivir is a single diastereomer monophosphoramidate prodrug designed for the intracellular delivery of a modified adenine nucleoside analog GS-441524. In addition to the active ingredient, the lyophilized formulation of Remdesivir contains the following inactive ingredients: water for injection, sulfobutylether beta-cyclodextrin sodium (SBECD), and hydrochloric acid and/or sodium hydroxide.",NA
8,NCT04292730,"Part A: Remdesivir (RDV), 5 Days",Drug,Remdesivir,Administered as an intravenous infusion,GS-5734™
9,NCT04292730,"Part A: Remdesivir, 10 Days",Drug,Remdesivir,Administered as an intravenous infusion,GS-5734™
10,NCT04292730,"Part B: Extension Treatment, Remdesivir 10 Days",Drug,Remdesivir,Administered as an intravenous infusion,GS-5734™
11,NCT04292730,"Part A: Remdesivir (RDV), 5 Days",Drug,Standard of Care,Standard of Care Treatment for COVID-19 Infection,NA
12,NCT04292730,"Part A: Remdesivir, 10 Days",Drug,Standard of Care,Standard of Care Treatment for COVID-19 Infection,NA
13,NCT04292730,Part A: SOC Therapy,Drug,Standard of Care,Standard of Care Treatment for COVID-19 Infection,NA
14,NCT04292730,"Part B: Extension Treatment, Remdesivir 10 Days",Drug,Standard of Care,Standard of Care Treatment for COVID-19 Infection,NA
