,NCT_id,measure,time_frame,outcome_description,outcome_type
0,NCT04160975,Rating of Sender,"This outcome was assessed during Baseline survey, which took approximately 20 minutes.","This is an inverse-covariance-weighted index comprised of responses to survey questions regarding:
whether the respondent was interested in further medical advice from the given sender (measured as a binary outcome);
whether the respondent trusted advice from the sender measured on a scale of 1 to 5;
and whether the respondent's assessment of the sender's qualification to provide medical advice measured on a scale of 1 to 5.
It is standardized to a mean of 0 and standard deviation of 1. Scores less than 0 indicate lower ratings of the sender rated by participants in Arm A (described in each arm/group description) compared to the rating rated by participants in Arm B (also described in each arm/group description). Scores greater than 0 indicate higher ratings of the sender by Arm A compared to by Arm B. For example, an index score of .18 indicates that participants in Arm A rate the sender 0.18 index (in standard deviation units) higher than those in Arm B.",primary
1,NCT04160975,Rating of Signal,"This outcome was assessed during Baseline survey, which took approximately 20 minutes.","This is an inverse-covariance-weighted index comprised of responses to survey questions on:
recommending the video to friends and family measured on a scale of 0 to 10;
recommending the flu shot to friends and family measured on a scale of 0 to 10;
and the respondent's assessment of the extent to which the information contained in the video was useful measured on a scale of 1 to 5.
It is standardized to a mean of 0 and standard deviation of 1. An index score of 0 is equal to the mean. Scores less than 0 indicate lower ratings of the signal rated by participants in Arm A (described in each arm/group description) compared to the rating rated by participants in Arm B (also described in each arm/group description). Scores greater than 0 indicate higher ratings of the signal by Arm A compared to by Arm B. For example, an index score of 0.14 indicates that participants in Arm A rate the signal 0.14 index (in standard deviation units) higher than those in Arm B.",primary
2,NCT04160975,Signal Content Recall,"This outcome will be assessed during Baseline survey, which takes approximately 20 minutes.","This is an inverse-covariance-weighted index comprised of responses to survey questions on:
whether age group for whom the flu vaccine is recommended (measured as a binary outcome); and
whether the flu shot contains the flu virus (recall of information discussed in the video) (measured as a binary outcome).
It is standardized to a mean of 0 and standard deviation of 1. An index score of 0 is equal to the mean. Scores less than 0 indicate lower level of recalling signal content among participants in Arm A (described in each arm/group description) compared to the level among participants in Arm B (also described in each arm/group description). Scores greater than 0 indicate a higher level of recalling signal content among participants in Arm A compared to those in Arm B. For example, an index score of 0.02 indicates that participants in Arm A recall signal content 0.02 index (in standard deviation units) higher than those in Arm B.",primary
3,NCT04160975,Safety Beliefs,"This outcome will be assessed during Baseline survey, which takes approximately 20 minutes.","This is an inverse-covariance-weighted index comprised of:
the point belief on the likelihood to contract the flu from the flu shot measured by a Likert scale and rescaled to have a support of -1 to 1.
the certainty measured with a balls and bins method and rescaled to have a support of -1 to 1.
It is standardized to a mean of 0 and standard deviation of 1. An index score of 0 is equal to the mean. Scores less than 0 indicate a lower level of beliefs in the safety of flu vaccine among participants in Arm A (described in each arm/group description) compared to the level among participants in Arm B (also described in each arm/group description). Scores greater than 0 indicate a higher level of beliefs among participants in Arm A compared to those in Arm B. For example, an index score of -0.1 indicates that participants in Arm A hold such beliefs 0.1 index (in standard deviation units) lower than those in Arm B.",primary
4,NCT04160975,Coupon Interest,"This outcome was assessed during Baseline survey, which took approximately 20 minutes.","This is an inverse-covariance-weighted index comprised of revealed preference measures of demand for a free flu shot coupon:
Willingness to pay (WTP) for the coupon measured as $0, $1, $2, $5, or $10
demand for information regarding locations to redeem the coupon measured as a binary outcome
It is standardized to a mean of 0 and standard deviation of 1. An index score of 0 is equal to the mean. Scores less than 0 indicate a lower level of interest in a free flu shot coupon distributed after survey completion among participants in Arm A (described in each arm/group description) compared to the level among participants in Arm B (also described in each arm/group description). Scores greater than 0 indicate a higher level of interest among participants in Arm A compared to those in Arm B. For example, an index score of -0.01 indicates that participants in Arm A hold such interest -0.01 index (in standard deviation units) higher than those in Arm B.",primary
5,NCT04160975,(Posterior) Flu Vaccine Intent,"This outcome was assessed after the video treatment during Baseline survey, which took approximately 20 minutes.","This is the respondent's likelihood to receive the flu vaccine before the end of the flu season. This was elicited on an 11-point Likert scale (0 extremely unwilling, 10 extremely willing) after the video message treatment. We re-scaled this outcome to have a scale of 0 to 1. The reported results of the outcome compare participants in Arm A and Arm B (described in each arm/group description). For example, an intent of 0.03 indicates that participants in Arm A are 0.03 units on a scale more likely to intent to take up the flu vaccine compared to those in Arm B.",primary
6,NCT04160975,COVID-19 Vaccine Intent,"This outcome was assessed after the video treatment during Baseline survey, which took approximately 20 minutes.","This is the respondent's likelihood to take up the COVID-19 vaccine if made available free of charge. This was elicited on an 11-point Likert scale (0 extremely unwilling, 10 extremely willing) after the video message treatment. We re-scaled this outcome to have a scale of 0 to 1. The reported results of the outcome compare participants in Arm A and Arm B (described in each arm/group description). For example, an intent of 0.04 indicates that participants in Arm A are 0.04 units on a scale more likely to intent to take up the COVID-19 vaccine compared to those in Arm B.",primary
7,NCT04160975,Flu Vaccine Take-up,This outcome was assessed during the follow-up survey which was conducted at least two weeks after the initial baseline survey.,"This is respondents' self-report in the follow-up survey on whether they or their family members had received the flu shot or redeemed the coupon since the intervention. The reported results of the outcome compare participants in Arm A and Arm B (described in each arm/group description). For example, 15.0 percentage points indicate that participants in Arm A are more likely to report that they and/or another household member received the flu vaccine by 15.p percentage points compared to those in Arm B.",primary
8,NCT04280705,Time to Recovery,Day 1 through Day 29,"Day of recovery is defined as the first day on which the subject satisfies one of the following three categories from the ordinal scale: 1) Hospitalized, not requiring supplemental oxygen - no longer requires ongoing medical care; 2) Not hospitalized, limitation on activities and/or requiring home oxygen; 3) Not hospitalized, no limitations on activities.",primary
9,NCT04280705,Change From Baseline in Alanine Transaminase (ALT),"Days 1, 3, 5, 8, 11, 15 and 29","Blood to evaluate ALT was collected at Days 1, 3, 5, 8, and 11 while participants were inpatient, and at Days 15 and 29, with the Day 1 assessment serving as baseline. Participants who had been discharged had blood collected if infection control measures allowed for in-person visits after discharge.",secondary
10,NCT04280705,Change From Baseline in Aspartate Transaminase (AST),"Days 1, 3, 5, 8, 11, 15 and 29","Blood to evaluate AST was collected at Days 1, 3, 5, 8, and 11 while participants were inpatient, and at Days 15 and 29, with the Day 1 assessment serving as baseline. Participants who had been discharged had blood collected if infection control measures allowed for in-person visits after discharge.",secondary
11,NCT04280705,Change From Baseline in Creatinine,"Days 1, 3, 5, 8, 11, 15 and 29","Blood to evaluate serum creatinine was collected at Days 1, 3, 5, 8, and 11 while participants were inpatient, and at Days 15 and 29, with the Day 1 assessment serving as baseline. Participants who had been discharged had blood collected if infection control measures allowed for in-person visits after discharge.",secondary
12,NCT04280705,Change From Baseline in Glucose,"Days 1, 3, 5, 8, 11, 15 and 29","Blood to evaluate serum glucose was collected at Days 1, 3, 5, 8, and 11 while participants were inpatient, and at Days 15 and 29, with the Day 1 assessment serving as baseline. Participants who had been discharged had blood collected if infection control measures allowed for in-person visits after discharge.",secondary
13,NCT04280705,Change From Baseline in Hemoglobin,"Days 1, 3, 5, 8, 11, 15 and 29","Blood to evaluate hemoglobin was collected at Days 1, 3, 5, 8, and 11 while participants were inpatient, and at Days 15 and 29, with the Day 1 assessment serving as baseline. Participants who had been discharged had blood collected if infection control measures allowed for in-person visits after discharge.",secondary
14,NCT04280705,Change From Baseline in Platelets,"Days 1, 3, 5, 8, 11, 15 and 29","Blood to evaluate platelets was collected at Days 1, 3, 5, 8, and 11 while participants were inpatient, and at Days 15 and 29, with the Day 1 assessment serving as baseline. Participants who had been discharged had blood collected if infection control measures allowed for in-person visits after discharge.",secondary
15,NCT04280705,Change From Baseline in Prothrombin Time (PT),"Days 1, 3, 5, 8, 11, 15 and 29","Blood to evaluate PT was collected at Days 1, 3, 5, 8, and 11 while participants were inpatient, and at Days 15 and 29, with the Day 1 assessment serving as baseline. Participants who had been discharged had blood collected if infection control measures allowed for in-person visits after discharge.",secondary
16,NCT04280705,Change From Baseline in Total Bilirubin,"Days 1, 3, 5, 8, 11, 15 and 29","Blood to evaluate total bilirubin was collected at Days 1, 3, 5, 8, and 11 while participants were inpatient, and at Days 15 and 29, with the Day 1 assessment serving as baseline. Participants who had been discharged had blood collected if infection control measures allowed for in-person visits after discharge.",secondary
17,NCT04280705,Change From Baseline in White Blood Cell Count (WBC),"Days 1, 3, 5, 8, 11, 15 and 29","Blood to evaluate WBC was collected at Days 1, 3, 5, 8, and 11 while participants were inpatient, and at Days 15 and 29, with the Day 1 assessment serving as baseline. Participants who had been discharged had blood collected if infection control measures allowed for in-person visits after discharge.",secondary
18,NCT04280705,Change From Baseline in Neutrophils,"Days 1, 3, 5, 8, 11, 15 and 29","Blood to evaluate neutrophils was collected at Days 1, 3, 5, 8, and 11 while participants were inpatient, and at Days 15 and 29, with the Day 1 assessment serving as baseline. Participants who had been discharged had blood collected if infection control measures allowed for in-person visits after discharge.",secondary
19,NCT04280705,Change From Baseline in Lymphocytes,"Days 1, 3, 5, 8, 11, 15 and 29","Blood to evaluate lymphocytes was collected at Days 1, 3, 5, 8, and 11 while participants were inpatient, and at Days 15 and 29, with the Day 1 assessment serving as baseline. Participants who had been discharged had blood collected if infection control measures allowed for in-person visits after discharge.",secondary
20,NCT04280705,Change From Baseline in Monocytes,"Days 1, 3, 5, 8, 11, 15 and 29","Blood to evaluate monocytes was collected at Days 1, 3, 5, 8, and 11 while participants were inpatient, and at Days 15 and 29, with the Day 1 assessment serving as baseline. Participants who had been discharged had blood collected if infection control measures allowed for in-person visits after discharge.",secondary
21,NCT04280705,Change From Baseline in Basophils,"Days 1, 3, 5, 8, 11, 15 and 29","Blood to evaluate basophils was collected at Days 1, 3, 5, 8, and 11 while participants were inpatient, and at Days 15 and 29, with the Day 1 assessment serving as baseline. Participants who had been discharged had blood collected if infection control measures allowed for in-person visits after discharge.",secondary
22,NCT04280705,Change From Baseline in Eosinophils,"Days 1, 3, 5, 8, 11, 15 and 29","Blood to evaluate eosinophils was collected at Days 1, 3, 5, 8, and 11 while participants were inpatient, and at Days 15 and 29, with the Day 1 assessment serving as baseline. Participants who had been discharged had blood collected if infection control measures allowed for in-person visits after discharge.",secondary
23,NCT04280705,Change in National Early Warning Score (NEWS) From Baseline,"Days 1, 3, 5, 8, 11, 15, 22, and 29","The NEW score has demonstrated an ability to discriminate patients at risk of poor outcomes. This score is based on 7 clinical parameters (respiration rate, oxygen saturation, any supplemental oxygen, temperature, systolic blood pressure, heart rate, level of consciousness). The NEW Score is being used as an efficacy measure. The minimum score is 0, representing the better outcome, and the maximum value is 19, representing the worse outcome.",secondary
24,NCT04280705,Percentage of Participants at Each Clinical Status Using Ordinal Scale at Day 1,Day 1,"The ordinal scale is an assessment of the clinical status at the first assessment of a given study day. The scale is as follows: 8) Death; 7) Hospitalized, on invasive mechanical ventilation or extracorporeal membrane oxygenation (ECMO); 6) Hospitalized, on non-invasive ventilation or high flow oxygen devices; 5) Hospitalized, requiring supplemental oxygen; 4) Hospitalized, not requiring supplemental oxygen - requiring ongoing medical care (COVID-19 related or otherwise); 3) Hospitalized, not requiring supplemental oxygen - no longer requires ongoing medical care; 2) Not hospitalized, limitation on activities and/or requiring home oxygen; 1) Not hospitalized, no limitations on activities.",secondary
25,NCT04280705,Percentage of Participants at Each Clinical Status Using Ordinal Scale at Day 3,Day 3,"The ordinal scale is an assessment of the clinical status at the first assessment of a given study day. The scale is as follows: 8) Death; 7) Hospitalized, on invasive mechanical ventilation or extracorporeal membrane oxygenation (ECMO); 6) Hospitalized, on non-invasive ventilation or high flow oxygen devices; 5) Hospitalized, requiring supplemental oxygen; 4) Hospitalized, not requiring supplemental oxygen - requiring ongoing medical care (COVID-19 related or otherwise); 3) Hospitalized, not requiring supplemental oxygen - no longer requires ongoing medical care; 2) Not hospitalized, limitation on activities and/or requiring home oxygen; 1) Not hospitalized, no limitations on activities.",secondary
26,NCT04280705,Percentage of Participants at Each Clinical Status Using Ordinal Scale at Day 5,Day 5,"The ordinal scale is an assessment of the clinical status at the first assessment of a given study day. The scale is as follows: 8) Death; 7) Hospitalized, on invasive mechanical ventilation or extracorporeal membrane oxygenation (ECMO); 6) Hospitalized, on non-invasive ventilation or high flow oxygen devices; 5) Hospitalized, requiring supplemental oxygen; 4) Hospitalized, not requiring supplemental oxygen - requiring ongoing medical care (COVID-19 related or otherwise); 3) Hospitalized, not requiring supplemental oxygen - no longer requires ongoing medical care; 2) Not hospitalized, limitation on activities and/or requiring home oxygen; 1) Not hospitalized, no limitations on activities.",secondary
27,NCT04280705,Percentage of Participants at Each Clinical Status Using Ordinal Scale at Day 8,Day 8,"The ordinal scale is an assessment of the clinical status at the first assessment of a given study day. The scale is as follows: 8) Death; 7) Hospitalized, on invasive mechanical ventilation or extracorporeal membrane oxygenation (ECMO); 6) Hospitalized, on non-invasive ventilation or high flow oxygen devices; 5) Hospitalized, requiring supplemental oxygen; 4) Hospitalized, not requiring supplemental oxygen - requiring ongoing medical care (COVID-19 related or otherwise); 3) Hospitalized, not requiring supplemental oxygen - no longer requires ongoing medical care; 2) Not hospitalized, limitation on activities and/or requiring home oxygen; 1) Not hospitalized, no limitations on activities.",secondary
28,NCT04280705,Percentage of Participants at Each Clinical Status Using Ordinal Scale at Day 11,Day 11,"The ordinal scale is an assessment of the clinical status at the first assessment of a given study day. The scale is as follows: 8) Death; 7) Hospitalized, on invasive mechanical ventilation or extracorporeal membrane oxygenation (ECMO); 6) Hospitalized, on non-invasive ventilation or high flow oxygen devices; 5) Hospitalized, requiring supplemental oxygen; 4) Hospitalized, not requiring supplemental oxygen - requiring ongoing medical care (COVID-19 related or otherwise); 3) Hospitalized, not requiring supplemental oxygen - no longer requires ongoing medical care; 2) Not hospitalized, limitation on activities and/or requiring home oxygen; 1) Not hospitalized, no limitations on activities.",secondary
29,NCT04280705,Percentage of Participants at Each Clinical Status Using Ordinal Scale at Day 15,Day 15,"The ordinal scale is an assessment of the clinical status at the first assessment of a given study day. The scale is as follows: 8) Death; 7) Hospitalized, on invasive mechanical ventilation or extracorporeal membrane oxygenation (ECMO); 6) Hospitalized, on non-invasive ventilation or high flow oxygen devices; 5) Hospitalized, requiring supplemental oxygen; 4) Hospitalized, not requiring supplemental oxygen - requiring ongoing medical care (COVID-19 related or otherwise); 3) Hospitalized, not requiring supplemental oxygen - no longer requires ongoing medical care; 2) Not hospitalized, limitation on activities and/or requiring home oxygen; 1) Not hospitalized, no limitations on activities.",secondary
30,NCT04280705,Percentage of Participants at Each Clinical Status Using Ordinal Scale at Day 22,Day 22,"The ordinal scale is an assessment of the clinical status at the first assessment of a given study day. The scale is as follows: 8) Death; 7) Hospitalized, on invasive mechanical ventilation or extracorporeal membrane oxygenation (ECMO); 6) Hospitalized, on non-invasive ventilation or high flow oxygen devices; 5) Hospitalized, requiring supplemental oxygen; 4) Hospitalized, not requiring supplemental oxygen - requiring ongoing medical care (COVID-19 related or otherwise); 3) Hospitalized, not requiring supplemental oxygen - no longer requires ongoing medical care; 2) Not hospitalized, limitation on activities and/or requiring home oxygen; 1) Not hospitalized, no limitations on activities.",secondary
31,NCT04280705,Percentage of Participants at Each Clinical Status Using Ordinal Scale at Day 29,Day 29,"The ordinal scale is an assessment of the clinical status at the first assessment of a given study day. The scale is as follows: 8) Death; 7) Hospitalized, on invasive mechanical ventilation or extracorporeal membrane oxygenation (ECMO); 6) Hospitalized, on non-invasive ventilation or high flow oxygen devices; 5) Hospitalized, requiring supplemental oxygen; 4) Hospitalized, not requiring supplemental oxygen - requiring ongoing medical care (COVID-19 related or otherwise); 3) Hospitalized, not requiring supplemental oxygen - no longer requires ongoing medical care; 2) Not hospitalized, limitation on activities and/or requiring home oxygen; 1) Not hospitalized, no limitations on activities.",secondary
32,NCT04280705,Percentage of Participants Reporting Grade 3 and 4 Clinical and/or Laboratory Adverse Events (AEs),Day 1 through Day 29,"Grade 3 AEs are defined as events that interrupt usual activities of daily living, or significantly affects clinical status, or may require intensive therapeutic intervention. Severe events are usually incapacitating. Grade 4 AEs are defined as events that are potentially life threatening.",secondary
33,NCT04280705,Percentage of Participants Reporting Serious Adverse Events (SAEs),Day 1 through Day 29,"An SAE is defined as an AE or suspected adverse reaction is considered serious if, in the view of either the investigator or the sponsor, it results in death, a life-threatening AE, inpatient hospitalization or prolongation of existing hospitalization, a persistent or significant incapacity or substantial disruption of the ability to conduct normal life functions, or a congenital anomaly/birth defect.",secondary
34,NCT04280705,Percentage of Participants Discontinued or Temporarily Suspended From Investigational Therapeutics,Day 1 through Day 10,"Participants may have been discontinued from investigational therapeutics due to discharge or death. The halting or slowing of the infusion for any reason was collected, as was missed doses in the series of 10 doses.",secondary
35,NCT04280705,Duration of Hospitalization,Day 1 through Day 29,Duration of hospitalization was determined two ways. The first includes imputations for participants who died. The second method is restricted to participants who did not die.,secondary
36,NCT04280705,Duration of New Non-invasive Ventilation or High Flow Oxygen Use,Day 1 through Day 29,"Duration of new non-invasive ventilation or high flow oxygen use was measured in days among participants who were not on non-invasive ventilation or high-flow oxygen use at baseline, determined two ways. The first includes imputations for participants who died. The second method is restricted to participants who did not die",secondary
37,NCT04280705,Duration of New Oxygen Use,Day 1 through Day 29,"Duration of new oxygen use was measured in days among participants who were not on oxygen at baseline, determined two ways. The first includes imputations for participants who died. The second method is restricted to participants who did not die
.",secondary
38,NCT04280705,Duration of New Ventilator or Extracorporeal Membrane Oxygenation (ECMO) Use,Day 1 through Day 29,"Duration of new ventilator or ECMO use was measured in days among participants who were not on a ventilator or ECMO at baseline, determined two ways. The first includes imputations for participants who died. The second method is restricted to participants who did not die",secondary
39,NCT04280705,Percentage of Participants Requiring New Non-invasive Ventilation or High-flow Oxygen Use,Day 1 through Day 29,New non-invasive ventilation or high-flow oxygen use was determined as the percentage of subject not on non-invasive ventilation or high-flow oxygen at baseline.,secondary
40,NCT04280705,Percentage of Participants Requiring New Oxygen Use,Day 1 through Day 29,The percentage of participants requiring new oxygen use was determined as the percentage of participants not requiring oxygen at baseline,secondary
41,NCT04280705,Percentage of Participants Requiring New Ventilator or Extracorporeal Membrane Oxygenation (ECMO) Use,Day 1 through Day 29,The percentage of participants requiring new ventilator or ECMO use was determined as the percentage not on a ventilator or ECMO at baseline,secondary
42,NCT04280705,Mean Change in the Ordinal Scale,"Day 1, 3, 5, 8, 11, 15, 22, and 29","The ordinal scale is an assessment of the clinical status at the first assessment of a given study day. The scale is as follows: 8) Death; 7) Hospitalized, on invasive mechanical ventilation or extracorporeal membrane oxygenation (ECMO); 6) Hospitalized, on non-invasive ventilation or high flow oxygen devices; 5) Hospitalized, requiring supplemental oxygen; 4) Hospitalized, not requiring supplemental oxygen - requiring ongoing medical care (COVID-19 related or otherwise); 3) Hospitalized, not requiring supplemental oxygen - no longer requires ongoing medical care; 2) Not hospitalized, limitation on activities and/or requiring home oxygen; 1) Not hospitalized, no limitations on activities. A positive change indicates a worsening and a negative change is an improvement.",secondary
43,NCT04280705,14-day Participant Mortality,Day 1 through Day 15,The mortality rate was determined as the proportion of participants who died by study Day 15.,secondary
44,NCT04280705,29-day Participant Mortality,Day 1 through Day 29,The mortality rate was determined as the proportion of participants who died by study Day 29.,secondary
45,NCT04280705,Time to an Improvement by at Least One Category Using an Ordinal Scale,Day 1 through Day 29,"The ordinal scale is an assessment of the clinical status at the first assessment of a given study day. The scale is as follows: 8) Death; 7) Hospitalized, on invasive mechanical ventilation or extracorporeal membrane oxygenation (ECMO); 6) Hospitalized, on non-invasive ventilation or high flow oxygen devices; 5) Hospitalized, requiring supplemental oxygen; 4) Hospitalized, not requiring supplemental oxygen - requiring ongoing medical care (COVID-19 related or otherwise); 3) Hospitalized, not requiring supplemental oxygen - no longer requires ongoing medical care; 2) Not hospitalized, limitation on activities and/or requiring home oxygen; 1) Not hospitalized, no limitations on activities. Time to improvement by at least one category was determined for each participant",secondary
46,NCT04280705,Time to an Improvement of at Least Two Categories Using an Ordinal Scale,Day 1 through Day 29,"The ordinal scale is an assessment of the clinical status at the first assessment of a given study day. The scale is as follows: 1) Death; 2) Hospitalized, on invasive mechanical ventilation or extracorporeal membrane oxygenation (ECMO); 3) Hospitalized, on non-invasive ventilation or high flow oxygen devices; 4) Hospitalized, requiring supplemental oxygen; 5) Hospitalized, not requiring supplemental oxygen - requiring ongoing medical care (COVID-19 related or otherwise); 6) Hospitalized, not requiring supplemental oxygen - no longer requires ongoing medical care; 7) Not hospitalized, limitation on activities and/or requiring home oxygen; 8) Not hospitalized, no limitations on activities. Time to improvement by at least two categories was determined for each participant",secondary
47,NCT04280705,"Time to Discharge or to a NEWS of 2 or Less and Maintained for 24 Hours, Whichever Occurs First",Day 1 through Day 29,"The NEW score has demonstrated an ability to discriminate patients at risk of poor outcomes. This score is based on 7 clinical parameters (respiration rate, oxygen saturation, any supplemental oxygen, temperature, systolic blood pressure, heart rate, level of consciousness). The NEW Score is being used as an efficacy measure. The minimum score is 0, representing the better outcome, and the maximum value is 19, representing the worse outcome. The time to discharge or a NEWS of less than or equal to 2 was determined for each participant.",secondary
48,NCT04292730,Part A: Percentage of Participants in Each Clinical Status Category as Assessed by a 7-Point Ordinal Scale on Day 11,Day 11,"Clinical status was derived from death, hospital discharge, and ordinal scale as follows: score of ""1"" was used for all days on or after the date of death; score of ""7"" was used for all days on or after discharged alive date; last available assessment for missing value. The scale is as follows: 1. Death; 2. Hospitalized, on invasive mechanical ventilation or Extracorporeal Membrane Oxygenation (ECMO); 3. Hospitalized, on non-invasive ventilation or high flow oxygen devices; 4. Hospitalized, requiring low flow supplemental oxygen; 5. Hospitalized, not requiring supplemental oxygen - requiring ongoing medical care (coronavirus (COVID-19) related or otherwise); 6. Hospitalized, not requiring supplemental oxygen - no longer required ongoing medical care (other than per protocol remdesivir administration; 7. Not hospitalized. The odds ratio represents the odds of improvement in the ordinal scale for a RDV group relative to the SOC group.",primary
49,NCT04292730,Part A: Percentage of Participants Who Experienced Treatment-Emergent Adverse Events (TEAEs),First dose date up to last dose date (maximum: 10 days) plus 30 days,"TEAEs were defined as the following: any AE with an onset date on or after the study treatment start date and no later than 30 days after permanent discontinuation of study treatment and/or any AE leading to premature discontinuation of study treatment. For participants randomized to the SOC group, all AEs reported on or after the protocol-specified Day 1 visit were considered as treatment emergent.",secondary
